AEM CN Equity,AGNICO EAGLE MINES LTD,Toronto,153962.38,1862980.0
NEM US Equity,NEWMONT CORP,New York,136419.43,10089880.0
ABX CN Equity,BARRICK MINING CORP,Toronto,111511.99,9361839.0
WPM CN Equity,WHEATON PRECIOUS METALS CORP,Toronto,90398.14,1404261.0
FNV CN Equity,FRANCO-NEVADA CORP,Toronto,67454.48,724049.8
K CN Equity,KINROSS GOLD CORP,Toronto,54976.81,8050564.0
AU US Equity,ANGLOGOLD ASHANTI PLC,New York,54325.64,2907418.0
PAAS CN Equity,PAN AMERICAN SILVER CORP,Toronto,35435.15,2154083.0
AGI CN Equity,ALAMOS GOLD INC-CLASS A,Toronto,26367.25,2225444.0
LUG CN Equity,LUNDIN GOLD INC,Toronto,26346.48,966422.1
RGLD US Equity,ROYAL GOLD INC,NASDAQ GS,23049.69,1018071.88
EDV CN Equity,ENDEAVOUR MINING PLC,Toronto,20971.66,1533813.0
EQX CN Equity,EQUINOX GOLD CORP,Toronto,18265.95,5438427.0
IMG CN Equity,IAMGOLD CORP,Toronto,18177.69,4711918.0
AG CN Equity,FIRST MAJESTIC SILVER CORP,Toronto,16670.57,4884051.0
CDE US Equity,COEUR MINING INC,New York,15448.87,27796328.0
HL US Equity,HECLA MINING CO,New York,15277.27,28406408.0
ELD CN Equity,ELDORADO GOLD CORP,Toronto,12913.04,1357857.0
NGD CN Equity,NEW GOLD INC,Toronto,12889.31,5022490.0
DPM CN Equity,DPM METALS INC,Toronto,11751.69,1586465.0
OGC CN Equity,OCEANAGOLD CORP,Toronto,11740.1,1189105.0
GMIN CN Equity,G MINING VENTURE CORP,Toronto,11026.72,1096657.0
OR CN Equity,OR ROYALTIES INC,Toronto,10746.28,862441.1
TFPM CN Equity,TRIPLE FLAG PRECIOUS MET,Toronto,10380.17,293510.1
BTO CN Equity,B2GOLD CORP,Toronto,9384.35,16429370.0
ARTG CN Equity,ARTEMIS GOLD INC,Venture,9089.94,897688.9
OLA CN Equity,ORLA MINING LTD,Toronto,8231.3,1723150.0
SSRM CN Equity,SSR MINING INC,Toronto,8102.55,976441.3
DSV CN Equity,DISCOVERY SILVER CORP,Toronto,7859.61,6947310.0
KNT CN Equity,K92 MINING,Toronto,6987.61,1471196.0
NG CN Equity,NOVAGOLD RESOURCES INC,Toronto,6714.57,1350809.0
TXG CN Equity,TOREX GOLD RESOURCES INC,Toronto,6215.13,1223194.0
SKE CN Equity,SKEENA RESOURCES LTD,Toronto,5707.18,875931.9
ARIS CN Equity,ARIS MINING CORP,Toronto,5604.87,1963528.0
MAU CN Equity,MONTAGE GOLD CORP,Toronto,5518.68,1495494.0
AAUC CN Equity,ALLIED GOLD CORP,Toronto,5346.24,2914857.0
CG CN Equity,CENTERRA GOLD INC,Toronto,5196.96,2104149.0
PPTA CN Equity,PERPETUA RESOURCES CORP,Toronto,5130.05,304886.5
SEA CN Equity,SEABRIDGE GOLD INC,Toronto,5065.58,343158.1
EDR CN Equity,ENDEAVOUR SILVER CORP,Toronto,4909.72,3663378.0
FVI CN Equity,FORTUNA MINING CORP,Toronto,4574.1,2277405.0
WDO CN Equity,WESDOME GOLD MINES LTD,Toronto,3724.95,1682899.0
HYMC US Equity,HYCROFT MINING HOLDING CO-A,NASDAQ CM,3499.52,5331908.0
USA CN Equity,AMERICAS GOLD AND SILVER COR,Toronto,3375.27,3367564.0
SVM CN Equity,SILVERCORP METALS INC,Toronto,3342.51,2788127.0
AYA CN Equity,AYA GOLD & SILVER INC,Toronto,3290.46,3512596.0
SGD CN Equity,SNOWLINE GOLD CORP,Toronto,2797.33,619352.9
SXGC CN Equity,SOUTHERN CROSS GOLD CONSOLID,Toronto,2605.08,696250.8
IAU CN Equity,I-80 GOLD CORP,Toronto,2234.67,3247639.0
ABRA CN Equity,ABRASILVER RESOURCE CORP,Toronto,2193.25,1167076.0
CNL CN Equity,COLLECTIVE MINING LTD,Toronto,2105.24,335178.8
HMMC CN Equity,HEMLO MINING CORP,Venture,2068.38,3041425.0
ASM CN Equity,AVINO SILVER & GOLD MINES,Toronto,1993.63,1922586.0
RBX CN Equity,ROBEX RESOURCES INC,Venture,1990.0,291867.6
ELE CN Equity,ELEMENTAL ROYALTY CORP,Venture,1878.81,120598.3
VZLA CN Equity,VIZSLA SILVER CORP,Toronto,1858.32,5351322.0
RIO CN Equity,RIO2 LTD/NEW,Toronto,1702.72,4405138.0
RUP CN Equity,RUPERT RESOURCES LTD,Toronto,1686.91,547451.6
GTWO CN Equity,G2 GOLDFIELDS INC,Toronto,1595.89,845943.9
ASE CN Equity,ASANTE GOLD CORP,Venture,1566.13,2716739.0
ODV CN Equity,OSISKO DEVELOPMENT CORP,Venture,1522.8,536719.8
MUX US Equity,MCEWEN INC,New York,1504.74,1354026.38
ORE CN Equity,OREZONE GOLD CORP,Toronto,1495.65,3904162.0
GGD CN Equity,GOGOLD RESOURCES INC,Toronto,1456.14,4633172.0
ATX CN Equity,ATEX RESOURCES INC,Venture,1430.17,1586713.0
APM CN Equity,ANDEAN PRECIOUS METALS CORP,Toronto,1386.97,1129358.0
OMG CN Equity,OMAI GOLD MINES CORP,Venture,1347.79,3425746.0
NFG CN Equity,NEW FOUND GOLD CORP,Venture,1286.56,1694230.0
SCZ CN Equity,SANTACRUZ SILVER MINING LTD,Venture,1254.43,1127867.0
GAU CN Equity,GALIANO GOLD INC,Toronto,1070.34,1468768.0
ITR CN Equity,INTEGRA RESOURCES CORP,Venture,1027.59,1086461.0
MTA CN Equity,METALLA ROYALTY & STREAMING,Venture,1010.56,120681.7
THX CN Equity,THOR EXPLORATION LTD,Venture,993.19,1455787.0
NUAG CN Equity,NEW PACIFIC METALS CORP,Toronto,940.01,542596.1
ITH CN Equity,INTL TOWER HILL MINES LTD,Toronto,924.21,218530.7
AMRQ CN Equity,AMAROQ LTD,Venture,894.84,1081745.0
FF CN Equity,FIRST MINING GOLD CORP,Toronto,860.0,11736840.0
MKO CN Equity,MAKO MINING CORP,Venture,858.78,368460.1
GQC CN Equity,GOLDQUEST MINING CORP,Venture,844.15,802668.4
TAU CN Equity,THESIS GOLD & SILVER INC,Venture,820.28,952278.8
FVL CN Equity,FREEGOLD VENTURES LTD,Toronto,799.83,1666337.0
DC US Equity,DAKOTA GOLD CORP,NYSEAmerican,770.97,1885469.0
HSTR CN Equity,HELIOSTAR METALS LTD,Venture,763.49,1397485.0
JAG CN Equity,JAGUAR MINING INC,Toronto,715.34,416254.1
GSKR CN Equity,GOLDSKY RESOURCES CORP,Venture,713.84,1434959.0
AUXX CN Equity,GOLD X2 MINING INC,Venture,707.98,4761830.0
TRX CN Equity,TRX GOLD CORP,Toronto,694.46,926812.4
RBTK US Equity,ZHEN DING RESOURCES INC,OTC US,693.55,50.9
LGD CN Equity,LIBERTY GOLD CORP,Toronto,678.41,3214453.0
RML CN Equity,RUSORO MINING LTD,Venture,664.35,1059516.0
GRZ CN Equity,GOLD RESERVE LTD,Venture,628.38,97328.97
IDR US Equity,IDAHO STRATEGIC RESOURCES IN,NYSEAmerican,609.19,493077.53
MAI CN Equity,MINERA ALAMOS INC,Venture,598.56,1337853.0
ETG CN Equity,ENTREE RESOURCES LTD,Toronto,588.17,254952.2
DV CN Equity,DOLLY VARDEN SILVER LTD,Venture,573.66,932132.4
CAMB CN Equity,CAMBRIA GOLD MINES INC,Venture,568.34,219793.3
CMCL US Equity,CALEDONIA MINING CORP PLC,NYSEAmerican,552.02,602275.19
BRC CN Equity,BLACKROCK SILVER CORP,Venture,538.57,3613160.0
VOXR CN Equity,VOX ROYALTY CORP,Toronto,529.83,50126.5
SLVR CN Equity,SILVER TIGER METALS INC,Venture,513.45,5622924.0
BSX CN Equity,BELO SUN MINING CORP,Toronto,503.74,1984162.0
STGO CN Equity,STEPPE GOLD LTD,Toronto,498.07,1140797.0
GGA CN Equity,GOLDGROUP MINING INC,Venture,490.31,707483.6
TUD CN Equity,TUDOR GOLD CORP-A,Venture,481.94,2714804.0
LUCA CN Equity,LUCA MINING CORP,Venture,478.65,986784.2
SVRS CN Equity,SILVER STORM MINING LTD,Venture,475.34,8759025.0
WRLG CN Equity,WEST RED LAKE GOLD MINES LTD,Venture,469.58,4963334.0
BYN CN Equity,BANYAN GOLD CORP,Venture,468.3,1838725.0
VGZ CN Equity,VISTA GOLD CORP,Toronto,462.31,400953.8
NEXG CN Equity,NEXGOLD MINING CORP,Venture,459.24,1631119.0
CTGO US Equity,CONTANGO ORE INC,NYSEAmerican,458.72,252579.77
GSVR CN Equity,GUANAJUATO SILVER CO LTD,Venture,451.33,11675320.0
GOLD CN Equity,GOLDMINING INC,Toronto,441.9,1752153.0
QTWO CN Equity,Q2 METALS CORP,Venture,420.71,604237.4
SM CN Equity,SIERRA MADRE GOLD AND SILVER,Venture,419.55,1897656.0
MMY CN Equity,MONUMENT MINING LTD,Venture,414.5,1171705.0
TSK CN Equity,TALISKER RESOURCES LTD,Toronto,389.58,1294399.0
FDR CN Equity,FOUNDERS METALS INC,Venture,388.44,516004.8
PTM CN Equity,PLATINUM GROUP METALS LTD,Toronto,382.74,1119746.0
PGDC CN Equity,PATAGONIA GOLD CORP,Venture,367.39,1954721.0
MFG CN Equity,MAYFAIR GOLD CORP,Venture,365.69,253214.2
WGO CN Equity,WHITE GOLD CORP,Venture,335.42,1456823.0
RDS CN Equity,RADISSON MINING RESOURCES,Venture,328.84,2314316.0
FISH CN Equity,SAILFISH ROYALTY CORP,Venture,327.89,71091.84
SIG CN Equity,SITKA GOLD CORP,Venture,327.24,2421651.0
AUMB CN Equity,1911 GOLD CORP,Venture,322.2,3571714.0
DBG CN Equity,DOUBLEVIEW GOLD CORP,Venture,315.17,687175.3
BCM CN Equity,BEAR CREEK MINING CORP,Venture,309.37,5840121.0
ELO CN Equity,ELORO RESOURCES LTD,Toronto,306.7,692417.9
AAG CN Equity,AFTERMATH SILVER LTD,Venture,304.01,2911668.0
CAPT CN Equity,CAPITAN SILVER CORP,Venture,286.61,380135.4
USAU US Equity,US GOLD CORP,NASDAQ CM,285.0,379001.81
SLG CN Equity,SAN LORENZO GOLD CORP/CANADA,Venture,273.26,543491.8
APGO CN Equity,APOLLO SILVER CORP,Venture,272.86,737739.8
DNG CN Equity,DYNACOR GROUP INC,Toronto,272.46,157689.2
SSV CN Equity,SOUTHERN SILVER EXPLORATION,Venture,268.06,4442085.0
PPX CN Equity,PPX MINING CORP,Venture,266.43,293528.0
NIM CN Equity,NICOLA MINING INC,Venture,265.93,340134.5
BGAU CN Equity,BLOSSOM GOLD INC,Toronto,265.87,
GORO US Equity,GOLD RESOURCE CORP,NYSEAmerican,265.3,10442395.0
STLR CN Equity,STLLR GOLD INC,Toronto,257.29,545659.0
CKG CN Equity,CHESAPEAKE GOLD CORP,Venture,256.65,365926.7
RVG CN Equity,REVIVAL GOLD INC,Venture,256.35,1000950.0
SOMA CN Equity,SOMA GOLD CORP,Venture,251.27,446929.9
GPH CN Equity,GRAPHITE ONE INC,Venture,248.79,958050.1
AGMR CN Equity,SILVER MOUNTAIN RESOURCES IN,Venture,245.38,673451.3
CERT CN Equity,CERRADO GOLD INC,Venture,241.89,1253400.0
MGG CN Equity,MINAURUM SILVER INC,Venture,241.21,3842512.0
GG CN Equity,GOLCONDA GOLD LTD,Venture,238.48,318908.9
BOGO CN Equity,BOREALIS MINING CO LTD,Venture,230.35,1060403.0
ORV CN Equity,ORVANA MINERALS CORP,Toronto,228.16,449597.9
VROY CN Equity,VIZSLA ROYALTIES CORP,Venture,224.76,495315.9
CBR CN Equity,CABRAL GOLD INC,Venture,216.6,748493.6
BHLL US Equity,BUNKER HILL MINING CORP,OTC US,213.64,2086508.5
SVE CN Equity,SILVER ONE RESOURCES INC,Venture,211.42,2094694.0
BIG CN Equity,HERCULES METALS CORP,Venture,208.38,1158139.0
AGAG CN Equity,ARGENTA SILVER CORP,Venture,207.44,3510629.0
BMM CN Equity,BLACK MAMMOTH METALS CORP,Venture,203.39,39991.23
GRSL CN Equity,GR SILVER MINING LTD,Venture,203.2,7858518.0
NCAU CN Equity,NEWCORE GOLD LTD,Venture,201.54,994371.1
SCOT CN Equity,SCOTTIE RESOURCES CORP,Venture,197.34,340833.1
NAMM US Equity,NAMIB MINERALS,NASDAQ GM,194.31,18638352.0
OCG CN Equity,OUTCROP SILVER & GOLD CORP,Toronto,192.72,3537727.0
EXN CN Equity,EXCELLON RESOURCES INC,Venture,185.91,4070403.0
PZG US Equity,PARAMOUNT GOLD NEVADA CORP,NYSEAmerican,183.55,2425403.0
FURY CN Equity,FURY GOLD MINES LTD,Toronto,178.04,878810.2
PPP CN Equity,PROSPECTOR METALS CORP,Venture,177.06,1035894.0
KTN CN Equity,KOOTENAY SILVER INC,Venture,172.83,1402885.0
MJS CN Equity,MAJESTIC GOLD CORP,Venture,172.04,3095218.0
OMI CN Equity,OROSUR MINING INC,Venture,171.63,1027947.0
KUYA CN Equity,KUYA SILVER CORP,Canadian Sec,169.68,2406279.0
AGA CN Equity,SILVER47 EXPLORATION CORP,Venture,163.4,3682173.0
MGM CN Equity,MAPLE GOLD MINES LTD,Venture,159.79,326749.6
LGC CN Equity,LAVRAS GOLD CORP,Venture,159.7,211961.8
HHH CN Equity,HELIUS MINERALS LTD,Venture,156.23,62141.57
LRA CN Equity,LARA EXPLORATION LTD,Venture,155.67,31382.0
VIPR CN Equity,SILVER VIPER MINERALS CORP,Venture,155.46,539993.0
ESM CN Equity,EURO SUN MINING INC,Toronto,154.04,1713118.0
RUA CN Equity,RUA GOLD INC,Toronto,154.0,321061.9
NAU CN Equity,NEVGOLD CORP,Venture,153.71,1895565.0
LIO CN Equity,LION ONE METALS LTD,Venture,149.06,1822757.0
GMX CN Equity,GLOBEX MINING ENTERPRISES,Toronto,146.5,146242.9
KTO CN Equity,K2 GOLD CORP,Venture,146.07,551013.6
USGO US Equity,US GOLDMINING INC,NASDAQ CM,144.61,121235.07
ONYX CN Equity,ONYX GOLD CORP,Venture,143.14,274128.6
AUMC US Equity,AURYN MINING CORP,OTC US,142.52,6456.97
XTG CN Equity,XTRA-GOLD RESOURCES CORP,Toronto,139.2,16791.8
AMQ CN Equity,ABITIBI METALS CORP,Canadian Sec,138.9,1434797.0
WPG CN Equity,WEST POINT GOLD CORP,Venture,137.54,663760.8
EDG CN Equity,ENDURANCE GOLD CORP,Venture,133.98,351188.2
YARR CN Equity,PIRATE GOLD CORP,Venture,132.93,1895707.0
GGO CN Equity,GALLEON GOLD CORP,Venture,132.06,928256.3
VEIN CN Equity,PASOFINO GOLD LTD,Venture,131.4,337078.5
NALG US Equity,NORTH AMERICA LITHIUM AND GO,OTC US,130.42,69688.6
EMO CN Equity,EMERITA RESOURCES CORP,Venture,130.26,1343848.0
FTCO US Equity,FORTITUDE GOLD CORP,OTC US,129.19,93208.5
GHRT CN Equity,GREENHEART GOLD INC,Venture,127.91,180254.1
PGE CN Equity,STILLWATER CRITICAL MINERALS,Venture,127.42,3049681.0
ECR CN Equity,CARTIER RESOURCES INC,Venture,126.96,893302.8
SGN CN Equity,SCORPIO GOLD CORP,Venture,120.29,1446879.0
CGNT CN Equity,COPPER GIANT RESOURCES CORP,Venture,117.76,3799937.0
TUO CN Equity,TEUTON RESOURCES,Venture,117.1,110090.3
IPT CN Equity,IMPACT SILVER CORP,Venture,115.92,5525493.0
AE CN Equity,AMERICAN EAGLE GOLD CORP,Venture,115.83,704551.6
EDCU CN Equity,EDGE COPPER CORP,Venture,114.83,187454.1
FMAN CN Equity,FREEMAN GOLD CORP,Venture,113.82,985464.5
WVM CN Equity,WEST VAULT MINING INC,Venture,113.67,35596.73
SANU CN Equity,SANU GOLD CORP,Canadian Sec,113.33,1403350.0
DEF CN Equity,DEFIANCE SILVER CORP,Venture,112.86,5932543.0
CCM CN Equity,CANAGOLD RESOURCES LTD,Toronto,110.56,180595.7
WM CN Equity,WALLBRIDGE MINING CO LTD,Toronto,109.81,3725972.0
AZS CN Equity,ARIZONA GOLD & SILVER INC,Venture,109.39,204467.3
TSG CN Equity,TRISTAR GOLD INC,Venture,109.14,365963.9
ADY CN Equity,ADYTON RESOURCES CORP,Venture,108.86,1525813.0
BSAI US Equity,BLUSKY AI INC,OTC US,106.22,1339.53
GAL CN Equity,GALANTAS GOLD CORP,Venture,,0.0
DMET CN Equity,DENARIUS METALS CORP,NEO-L Lit,105.15,507264.6
SPA CN Equity,SPANISH MOUNTAIN GOLD LTD,Venture,103.62,1545221.0
AUAU CN Equity,A2 GOLD CORP,Venture,102.74,373327.6
MSR CN Equity,MINSUD RESOURCES CORP,Venture,100.14,568.53
ESK CN Equity,ESKAY MINING CORP,Venture,97.01,573800.1
YGT CN Equity,GOLD TERRA RESOURCE CORP,Venture,96.11,1107482.0
ACRG US Equity,AMERICAN CLEAN RESOURCES GRO,OTC US,95.64,3440.4
ROCK CN Equity,TRIDENT RESOURCES CORP,Venture,94.42,504503.3
ROS CN Equity,ROSCAN GOLD CORP,Venture,92.09,709564.3
LG CN Equity,LAHONTAN GOLD CORP,Venture,91.65,2970087.0
ELR CN Equity,EASTERN PLATINUM LTD,Toronto,90.66,1043905.0
PRG CN Equity,PRECIPITATE GOLD CORP,Venture,90.31,1214044.0
BRAU CN Equity,BIG RIDGE GOLD CORP,Venture,89.58,600229.8
PSIL CN Equity,PACIFICA SILVER CORP,Canadian Sec,89.27,537073.8
ARIC CN Equity,AWALE RESOURCES LTD,Venture,88.52,386807.0
ONAU CN Equity,ONGOLD RESOURCES LTD,Venture,87.94,239380.8
RTG CN Equity,RTG MINING INC,Toronto,86.03,383077.2
ARK CN Equity,ARRAS MINERALS CORP,Venture,85.45,248551.3
SCD CN Equity,SCANDIUM CANADA LTD,Venture,85.22,6686930.0
NWST CN Equity,NORTHWEST COPPER CORP,Venture,84.96,773008.6
SAM CN Equity,STARCORE INTERNATIONAL MINES,Toronto,84.47,789059.9
BGL US Equity,BLUE GOLD LTD-CL A,NASDAQ GM,84.35,2274297.75
SOI CN Equity,SIRIOS RESOURCES INC,Venture,83.15,1789420.0
NKG CN Equity,NEVADA KING GOLD CORP,Venture,82.7,548552.9
MMG CN Equity,METALLIC MINERALS CORP,Venture,81.92,1109797.0
DRY CN Equity,DRYDEN GOLD CORP,Venture,81.56,1692059.0
SGO CN Equity,SONORO GOLD CORP,Venture,81.1,613607.3
EMPS CN Equity,EMP METALS CORP,Canadian Sec,78.1,135649.4
THMG US Equity,THUNDER MOUNTAIN GOLD INC,OTC US,77.16,46338.13
AMC CN Equity,ARIZONA METALS CORP,Toronto,75.16,800944.2
PEAK CN Equity,SUN PEAK METALS CORP,Venture,73.9,180239.9
GPG CN Equity,GRANDE PORTAGE,Venture,73.42,701508.9
DMX CN Equity,DISTRICT METALS CORP,Venture,72.08,2780336.0
AZM CN Equity,AZIMUT EXPLORATION INC,Venture,71.45,353543.6
BBB CN Equity,BRIXTON METALS CORP,Venture,71.32,383557.5
SCRI CN Equity,SILVER CROWN ROYALTIES INC,NEO-L Lit,70.62,45333.7
RPX CN Equity,RPX GOLD INC,Venture,70.59,1795282.0
LME CN Equity,LAURION MINERAL EXPLORATION,Venture,69.68,310961.2
GLB CN Equity,GOLDBANK MINING CORP,Venture,67.38,2607.57
WHN CN Equity,WESTHAVEN GOLD CORP,Venture,67.36,994985.7
ALTA CN Equity,ALTAMIRA GOLD CORP,Venture,66.71,401016.4
ASTR CN Equity,ASTRA EXPLORATION INC,Venture,65.45,380262.5
UGD CN Equity,UNIGOLD INC,Venture,64.66,295577.7
AAN CN Equity,ATON RESOURCES INC,Venture,63.73,30870.4
KFR CN Equity,KINGFISHER METAL CORP,Venture,63.57,1146943.0
RYR CN Equity,ROYAL ROAD MINERALS LTD,Venture,63.1,306274.2
BRW CN Equity,BRUNSWICK EXPLORATION INC,Venture,62.27,964881.9
QZM CN Equity,QUARTZ MOUNTAIN RESOURCES LT,Venture,62.18,88798.0
UG CN Equity,UPSIDE GOLD CORP,Canadian Sec,61.63,71557.2
IVS CN Equity,INVENTUS MINING CORP,Venture,60.45,270650.1
ESAU CN Equity,ESGOLD CORP,Canadian Sec,60.37,347783.6
RK CN Equity,ROCKHAVEN RESOURCES LTD,Venture,60.02,327020.3
MD CN Equity,MIDLAND EXPLORATION INC,Venture,58.75,110107.3
MUN CN Equity,MUNDORO CAPITAL INC,Venture,57.92,217177.3
MSM CN Equity,METALSOURCE MINING INC,Canadian Sec,56.81,572873.6
LVG CN Equity,LAKE VICTORIA GOLD LTD,Venture,56.64,564849.4
FOR CN Equity,FORTUNE BAY CORP,Venture,56.5,178786.7
RGC CN Equity,RELEVANT GOLD CORP,Venture,56.49,108259.8
ALEX CN Equity,ALPHA EXPLORATION LTD,Venture,56.18,25552.03
GUN CN Equity,GUNPOINT EXPLORATION LTD,Venture,55.59,27278.77
MMET CN Equity,MIATA METALS CORP,Canadian Sec,55.03,546064.8
VRDR US Equity,VERDE RESOURCES INC,OTC US,54.16,65873.77
VIO CN Equity,VIOR GOLD CORP INC,Venture,54.03,1009409.0
GLDC CN Equity,CASSIAR GOLD CORP,Venture,53.08,1338350.0
ELRE US Equity,YINFU GOLD CORP,OTC US,52.94,226.27
FRG CN Equity,FORGE RESOURCES CORP,Canadian Sec,52.66,135516.6
A-H CN Equity,ARMOR MINERALS INC,Venture,52.1,4539.3
PAU CN Equity,PROVENANCE GOLD CORP/CA,Canadian Sec,50.89,802471.1
MRZ CN Equity,MIRASOL RESOURCES LTD,Venture,50.47,103027.5
JUGR CN Equity,JUGGERNAUT EXPLORATION LTD,Venture,50.18,190410.5
RYES US Equity,RISE GOLD CORP,OTC US,49.21,112272.13
PX CN Equity,PELANGIO EXPLORATION INC,Venture,48.92,304720.7
KNG CN Equity,KINGSMEN RESOURCES LTD,Venture,48.88,231687.3
HWG CN Equity,HEADWATER GOLD INC,Canadian Sec,47.36,97321.66
YMC CN Equity,YUKON METALS CORP,Canadian Sec,47.15,197421.4
EMNT CN Equity,EMINENT GOLD CORP,Venture,46.81,407635.1
TIG CN Equity,TRIUMPH GOLD CORP,Venture,46.29,414883.8
NVO CN Equity,NOVO RESOURCES CORP,Toronto,46.1,1673361.0
NPR CN Equity,NORTH PEAK RESOURCES LTD,Venture,46.07,44217.8
KLDC CN Equity,KIRKLAND LAKE DISCOVERIES CO,Venture,45.94,456583.4
CANX CN Equity,CANEX METALS INC,Venture,45.91,487825.6
ROAR CN Equity,LION ROCK RESOURCES INC,Venture,45.73,395113.9
USGD CN Equity,AMERICAN PACIFIC MINING CORP,Canadian Sec,45.0,2184345.0
TK CN Equity,TINKA RESOURCES LTD,Venture,44.78,522715.1
MLM CN Equity,MCFARLANE LAKE MINING LTD,Canadian Sec,44.47,1465897.0
CAM CN Equity,CASCADIA MINERALS LTD,Venture,44.09,464958.6
GFG CN Equity,GFG RESOURCES INC,Venture,43.86,569098.8
EOX CN Equity,EUROMAX RESOURCES LTD,Venture,43.84,130413.4
PRNC CN Equity,PRINCE SILVER CORP,Canadian Sec,42.39,247651.3
GRC CN Equity,GOLD SPRINGS RESOURCE CORP,Toronto,41.94,80508.57
RSM CN Equity,RESOURO STRATEGIC METALS INC,Venture,41.42,257668.1
MCI CN Equity,MINNOVA CORP,Venture,41.35,342068.4
KG CN Equity,KLONDIKE GOLD CORP,Venture,40.62,591180.5
PNTR CN Equity,PANTERA SILVER CORP,Venture,40.43,518284.0
BHS CN Equity,BAYHORSE SILVER INC,Venture,38.77,1706408.0
RSG CN Equity,ROCKY SHORE GOLD LTD,Canadian Sec,38.24,310332.0
BTR CN Equity,BONTERRA RESOURCES INC,Venture,38.23,637393.3
REVX CN Equity,REV EXPLORATION CORP,Venture,37.86,527731.3
AMM CN Equity,ALMADEN MINERALS LTD - B,Venture,36.4,107895.8
DAU CN Equity,DESERT GOLD VENTURES INC,Venture,36.03,1805458.0
QIM CN Equity,QUIMBAYA GOLD INC,Canadian Sec,34.5,592541.6
BAU CN Equity,BLUE STAR GOLD CORP,Venture,34.48,126855.4
AUOZ CN Equity,EMPEROR METALS INC,Canadian Sec,34.39,888638.6
SBMI CN Equity,SILVER BULLET MINES CORP,Venture,33.92,486103.3
CDA CN Equity,CANUC RESOURCES CORP,Venture,33.79,18742.61
PHNM CN Equity,PHENOM RESOURCES CORP,Venture,33.52,281764.5
GBU CN Equity,GABRIEL RESOURCES LTD,Venture,33.27,97282.77
QGR CN Equity,Q-GOLD RESOURCES LTD,Venture,33.24,364744.7
WRR CN Equity,WALKER RIVER RESOURCES CORP,Venture,33.14,166080.2
TWR CN Equity,TOWER RESOURCES LTD,Venture,32.92,227341.4
PUMA CN Equity,PUMA EXPLORATION INC,Venture,32.75,435876.5
KING CN Equity,KING GLOBAL VENTURES INC,Canadian Sec,32.38,18428.1
TNR CN Equity,TNR GOLD CORP,Venture,31.8,250621.7
VAU CN Equity,VIVA GOLD CORP,Venture,30.97,311713.7
KRI CN Equity,KOBO RESOURCES INC,Venture,30.93,309594.2
TGOL CN Equity,THUNDER GOLD CORP,Venture,30.87,1267290.0
SPMC CN Equity,SOUTH PACIFIC METALS CORP,Venture,30.42,207855.3
RDG CN Equity,RIDGELINE MINERALS CORP,Venture,30.02,501295.0
ATCX US Equity,ATLAS CRITICAL MINERALS CORP,NASDAQ CM,29.98,148319.83
TSLV CN Equity,TIER ONE SILVER INC,Venture,29.75,998322.4
TT CN Equity,TOTAL METALS CORP,Venture,29.11,280955.9
JG CN Equity,JAPAN GOLD CORP,Venture,28.98,467014.7
NCP CN Equity,NICKEL CREEK PLATINUM CORP,Venture,28.98,20861.5
TUF CN Equity,HONEY BADGER SILVER INC,Venture,28.53,608163.9
YRB CN Equity,YORBEAU RESOURCES INC-CL A,Toronto,28.52,210530.8
XGC CN Equity,XALI GOLD CORP,Venture,28.36,329922.9
GEMG CN Equity,GEMDALE GOLD INC,Venture,28.3,
MSV CN Equity,MINCO SILVER CORP,Toronto,28.04,110964.6
STE CN Equity,STARR PEAK MINING LTD,Venture,27.69,223230.9
TRR CN Equity,TERRA ROSSA GOLD LTD,Venture,27.28,86842.43
IGO CN Equity,INDEPENDENCE GOLD CORP,Venture,26.96,1427676.0
SRC CN Equity,STAKEHOLDER GOLD CORP,Venture,26.67,26777.4
DEC CN Equity,DECADE RESOURCES LTD,Venture,26.65,2765907.0
NAM CN Equity,NEW AGE METALS INC,Venture,26.65,482200.3
SGC CN Equity,SOLSTICE GOLD CORP,Venture,26.58,680013.9
JZR CN Equity,JZR GOLD INC,Venture,26.27,305893.1
BAR CN Equity,BARRANCO GOLD MINING CORP,Canadian Sec,26.08,13663.2
SXTY CN Equity,SIXTY NORTH GOLD MINING LTD,Canadian Sec,25.51,154293.2
GMV CN Equity,GMV MINERALS INC,Venture,25.14,1074004.0
SEAS CN Equity,DEEP SEA MINERALS CORP,Canadian Sec,25.1,107253.8
AUST US Equity,AUSTIN GOLD CORP,NYSEAmerican,25.08,2941172.0
ZAU CN Equity,ZODIAC GOLD INC,Venture,24.88,435237.5
OCI CN Equity,ORECAP INVEST CORP,Venture,24.83,265633.4
NBRK CN Equity,NEW BREAK RESOURCES LTD,Canadian Sec,24.81,213009.7
ALGR CN Equity,ALGO GRANDE COPPER CORP,Venture,24.6,136360.1
OOR CN Equity,OPUS ONE GOLD CORP,Venture,24.33,359355.9
RAGE CN Equity,RENEGADE GOLD INC,Venture,24.04,134470.1
SAE CN Equity,SABLE RESOURCES LTD,Venture,23.98,1447067.0
DLTA CN Equity,DELTA RESOURCES LTD,Venture,23.76,706200.2
LOT CN Equity,TOMAGOLD CORP,Venture,23.69,1068559.0
SWA CN Equity,SARAMA RESOURCES LTD,Venture,23.15,95142.3
CSR CN Equity,COPPER STANDARD RESOURCES IN,Canadian Sec,23.12,16136.23
CVB CN Equity,COMPASS GOLD CORP,Venture,23.09,238905.3
SNAG CN Equity,SILVER NORTH RESOURCES LTD,Venture,23.09,1079659.0
EPL CN Equity,EAGLE PLAINS RESOURCES LTD,Venture,23.04,411929.2
FFOX CN Equity,FIREFOX GOLD CORP,Venture,22.61,116712.0
LOD CN Equity,LODE GOLD RESOURCES INC,Venture,22.41,389513.4
PNRG CN Equity,PAN AMERICAN ENERGY CORP,Canadian Sec,22.16,254306.6
NTH CN Equity,NORD PRECIOUS METALS MINING,Venture,22.14,706911.6
BEX CN Equity,BENTON RESOURCES INC,Venture,21.97,743385.4
ARU CN Equity,AURANIA RESOURCES LTD,Venture,21.82,126258.1
OTS-H CN Equity,OPTIMUS GOLD CORP,Venture,21.8,2568.5
EAGL CN Equity,EAGLEONE METALS CORP,Canadian Sec,21.45,42757.2
OZ CN Equity,VALKEA RESOURCES CORP,Venture,21.41,196376.3
VMXX CN Equity,VALHALLA METALS INC-SUBORD V,Venture,21.27,13905.83
MAX CN Equity,MAX RESOURCE CORP,Venture,21.09,139847.7
KORE CN Equity,KORE MINING LTD,Venture,20.96,77517.2
CFE CN Equity,CARTIER SILVER CORP,Canadian Sec,20.86,202181.8
KALO CN Equity,KALO GOLD CORP,Venture,20.77,227229.4
BVA CN Equity,BRAVADA GOLD CORP,Venture,20.56,1206364.0
CASA CN Equity,CASA MINERALS INC,Venture,20.43,327311.0
BARU CN Equity,BARU GOLD CORP,Venture,20.18,1613802.0
FTEL CN Equity,FIRST TELLURIUM CORP,Canadian Sec,20.17,195138.6
CXC CN Equity,CMX GOLD & SILVER CORP,Canadian Sec,20.11,16276.5
PINN CN Equity,PINNACLE SILVER AND GOLD COR,Venture,20.06,405740.9
AIR CN Equity,CLEAN AIR METALS INC,Venture,20.04,1489037.0
ZAC CN Equity,ZACATECAS SILVER CORP,Venture,19.84,2242332.0
FYL CN Equity,FINLAY MINERALS LTD,Venture,19.54,202268.5
KAPA CN Equity,KAPA GOLD INC,Venture,19.14,83388.27
GGI CN Equity,GARIBALDI RESOURCES CORP,Venture,19.01,163452.0
TRBC CN Equity,TRIBECA RESOURCES CORP,Venture,19.0,173546.9
FFF CN Equity,55 NORTH MINING INC,Canadian Sec,18.95,52453.46
TBK CN Equity,TRAILBREAKER RESOURCES LTD,Venture,18.73,146052.2
STUV CN Equity,STUVE GOLD CORP,Venture,18.22,18925.7
ATHA CN Equity,ATHENA GOLD CORP,Canadian Sec,18.17,264584.0
W CN Equity,SPARTAN METALS CORP,Venture,18.15,131951.5
PER CN Equity,PERUVIAN METALS CORP,Venture,18.14,956107.4
BFM CN Equity,BEDFORD METALS CORP,Venture,18.12,114014.5
CN CN Equity,CONDOR RESOURCES INC,Venture,18.04,205065.4
OTMC CN Equity,ORETERRA METALS CORP,Venture,17.98,67122.83
CBG CN Equity,CHIBOUGAMAU INDEPENDENT MINE,Venture,17.91,40071.93
NUKV CN Equity,NUCLEAR VISION LTD,Canadian Sec,17.81,249073.8
MTT CN Equity,MAGNA TERRA MINERALS INC,Venture,17.79,222658.2
NBY CN Equity,NIOBAY METALS INC,Venture,17.77,598422.3
RDU CN Equity,RADIUS GOLD INC,Venture,17.36,364128.8
WSK CN Equity,WILDSKY RESOURCES INC,Venture,16.83,18698.87
PA CN Equity,PALAMINA CORP,Venture,16.78,137975.5
BRAZ CN Equity,CANARY GOLD CORP,Canadian Sec,16.76,139682.7
GDP CN Equity,GOLDEN PURSUIT RESOURCES LTD,Venture,16.64,38137.33
SGU CN Equity,SIGNATURE RESOURCES LTD,Venture,16.56,166160.6
URZ CN Equity,URZ3 ENERGY CORP,Venture,16.54,81424.03
RRI CN Equity,RIVERSIDE RESOURCES INC,Venture,16.45,168671.1
HWY CN Equity,HIGHWAY 50 GOLD CORP,Venture,16.13,34036.57
BAT CN Equity,BATERO GOLD CORP,Venture,16.13,409964.2
FRED CN Equity,FREDONIA MINING INC,Venture,15.96,46939.13
RGR CN Equity,RIO GRANDE RESOURCES LTD,Canadian Sec,15.94,64461.37
LGHT CN Equity,LIGHTHOUSE GOLD INC,Canadian Sec,15.9,391591.2
EXG CN Equity,EXGEN RESOURCES INC,Venture,15.83,264320.0
AMCO CN Equity,AMERICORE RESOURCES CORP,Venture,15.82,243442.4
VIZ CN Equity,VISIONARY METALS CORP,Venture,15.81,88658.27
DYG CN Equity,DYNASTY GOLD CORP,Venture,15.53,357681.5
UE CN Equity,URANO ENERGY CORP,Canadian Sec,15.45,274467.9
NBLC CN Equity,NOBEL RESOURCES CORP,Venture,15.37,1585477.0
ELY CN Equity,ELECTRUM DISCOVERY CORP,Venture,15.29,976760.6
AERO CN Equity,AERO ENERGY LTD,Venture,15.19,95094.43
ELEF CN Equity,SILVER ELEPHANT MINING CORP,Toronto,14.98,314854.0
HPM CN Equity,HALCONES PRECIOUS METALS COR,Venture,14.87,773716.5
SNG CN Equity,SILVER RANGE RESOURCES LTD,Venture,14.76,204897.3
ENDR CN Equity,ENDURO METALS CORP,Venture,14.45,291431.8
ZIGY CN Equity,STARDUST METAL CORP,Canadian Sec,13.91,31952.73
AUQ CN Equity,AUQ GOLD MINING INC,Venture,13.8,19102.13
SGZ CN Equity,SEGO RESOURCES INC,Venture,13.66,579666.1
RUSH CN Equity,CAROLINA RUSH CORP,Venture,13.62,107751.8
SRAN CN Equity,SRANAN GOLD CORP,Canadian Sec,13.57,343911.0
FTSP US Equity,FINTRADE SHERPA INC,OTC US,13.55,933.33
CCMI CN Equity,CANADIAN CRITICAL MINERALS I,Venture,13.51,1222177.0
MEO CN Equity,CAMEO RESOURCES INC,Canadian Sec,13.12,14064.0
ZON CN Equity,ZONTE METALS INC,Venture,12.94,194126.2
KOG CN Equity,KO GOLD INC,Canadian Sec,12.86,25916.73
WGLD CN Equity,WESTERN GOLD EXPLORATION LTD,Venture,12.74,10692.53
SKP CN Equity,STRIKEPOINT GOLD INC,Venture,12.48,676912.3
GPS CN Equity,GREAT PLAINS METALS CORP,Venture,12.08,109564.8
REX CN Equity,OREX MINERALS INC,Venture,11.91,487523.4
GRG CN Equity,GOLDEN ARROW RESOURCES CORP,Venture,11.86,323628.0
WGF CN Equity,WESCAN GOLDFIELDS INC,Venture,11.82,19496.07
RLYG CN Equity,RILEY GOLD CORP,Venture,11.81,23014.1
AUGC CN Equity,AU GOLD CORP,Venture,11.54,278259.8
GPM CN Equity,GPM METALS INC,Venture,11.5,222725.6
TG CN Equity,TRIFECTA GOLD LTD,Venture,11.45,119216.3
NOVA CN Equity,ERANOVA METALS INC,Venture,11.28,154892.6
ORS CN Equity,ORESTONE MINING CORP,Venture,11.23,356321.5
FAS CN Equity,FIRST ANDES SILVER LTD,Venture,11.12,928911.2
SRGZ US Equity,STAR GOLD CORP,OTC US,11.08,48629.67
OC CN Equity,OLIVE RESOURCE CAPITAL INC,Venture,10.92,194578.2
AWX CN Equity,ARCWEST EXPLORATION INC,Venture,10.86,83761.3
SVBL US Equity,SILVER BULL RES INC,OTC US,10.84,40532.37
BTU CN Equity,BTU METALS CORP,Venture,10.81,632703.1
NAR CN Equity,NORTH ARROW MINERALS INC,Venture,10.72,96053.2
NSG CN Equity,NORTHSTAR GOLD CORP,Canadian Sec,10.63,427484.2
SXL CN Equity,SLAM EXPLORATION LTD,Venture,10.61,125679.3
ASL CN Equity,ARGENTUM SILVER CORP,Venture,10.58,54847.37
GHR-H CN Equity,GOLDEN HARP RESOURCES INC,Venture,10.52,11158.8
SILV CN Equity,SILVER VALLEY METALS CORP,Venture,10.43,295234.2
HVG CN Equity,HARVEST GOLD CORP,Venture,10.32,775416.7
BOCA CN Equity,BOCANA RESOURCES CORP,Venture,10.31,774727.3
GGM CN Equity,GRANADA GOLD MINE INC,Venture,9.91,1211333.0
CQR CN Equity,CONQUEST RESOURCES LTD,Venture,9.9,155884.3
CAPR CN Equity,CAPROCK MINING CORP,Canadian Sec,9.87,109850.4
MEK CN Equity,METALS CREEK RESOURCES CORP,Venture,9.72,437897.3
SWLF CN Equity,SILVER WOLF EXPLORATION LTD,Venture,9.64,239051.5
KBRA CN Equity,KUBERA GOLD CORP,Venture,9.59,26.9
HAMR CN Equity,SILVER HAMMER MINING CORP,Canadian Sec,9.52,1487021.0
RCT CN Equity,ROCHESTER RESOURCES LTD,Venture,9.43,97229.4
KS CN Equity,KLONDIKE SILVER CORP,Venture,9.41,1832104.0
LSTR CN Equity,LODESTAR METALS CORP,Venture,9.28,210059.8
TAUR CN Equity,TAURUS GOLD CORP,Canadian Sec,9.24,19962.6
GCC CN Equity,GOLDEN CARIBOO RESOURCES LTD,Canadian Sec,9.08,722545.2
BGLD CN Equity,BOREAL GOLD INC,Canadian Sec,9.08,58895.5
PRR CN Equity,PROSPECT RIDGE RESOURCES COR,Canadian Sec,9.04,264760.6
ARQ CN Equity,ARGO GOLD INC,Canadian Sec,9.0,146547.1
APN CN Equity,ALTIPLANO METALS INC,Venture,8.88,225165.3
MASS CN Equity,MASIVO SILVER CORP,Venture,8.87,677770.3
SLO CN Equity,STARLO VENTURES LTD,Canadian Sec,8.74,5236.17
ATC CN Equity,ATERRA METALS INC,Canadian Sec,8.7,1059204.0
TCO CN Equity,TRANSATLANTIC MINING CORP,Venture,8.66,234523.6
CLZ CN Equity,CANASIL RESOURCES,Venture,8.63,378062.9
LMG CN Equity,LINCOLN GOLD MINING INC,Venture,8.59,54719.43
VVC CN Equity,VVC EXPLORATION CORP,Venture,8.59,41656.5
CGD CN Equity,CARLIN GOLD CORPORATION,Venture,8.51,10321.2
CSG CN Equity,COSIGO RESOURCES LTD,Venture,8.28,47061.63
CAN CN Equity,CANADIAN GOLD RESOURCES LTD,Venture,8.14,427556.1
DFR CN Equity,DFR GOLD INC,Venture,8.13,37238.43
PGC CN Equity,PLATO GOLD CORP,Venture,8.07,69832.3
CBI CN Equity,COLIBRI RESOURCES CORP,Venture,7.93,53426.5
CRD CN Equity,COPPER ROAD RESOURCES INC,Venture,7.63,301702.2
AUEN CN Equity,GOLDEN SKY MINERALS CORP-A,Venture,7.63,47149.5
GPO CN Equity,GOLD PORT CORP,Canadian Sec,7.55,90997.66
FINX CN Equity,FINEX METALS LTD,Venture,7.47,192601.5
NVX CN Equity,NV GOLD CORP,Venture,7.41,27112.6
GZD CN Equity,GRIZZLY DISCOVERIES INC,Venture,7.23,221610.3
GUG CN Equity,GUNGNIR RESOURCES INC,Venture,7.18,803552.9
LECR CN Equity,LEOCOR MINING INC,Canadian Sec,7.09,115307.2
CMET CN Equity,CLARITY METALS CORP,Canadian Sec,7.09,232984.9
WINS CN Equity,WINSHEAR GOLD CORP,Venture,7.08,73608.8
XTM CN Equity,TRANSITION METALS CORP,Venture,6.96,153807.1
FMN CN Equity,FIDELITY MINERALS CORP,Venture,6.95,13626.93
BGF CN Equity,BEAUCE GOLD FIELDS INC,Venture,6.93,160806.2
ALMA CN Equity,ALMA GOLD INC,Canadian Sec,6.93,108025.6
BGD CN Equity,BULLION GOLD RESOURCES CORP,Venture,6.83,158051.9
RFR CN Equity,RENFORTH RESOURCES INC,Canadian Sec,6.81,403566.8
GLD CN Equity,GOLD FINDER RESOURCES LTD,Venture,6.78,448619.9
NRN CN Equity,NORTHERN SHIELD RESOURCES IN,Venture,6.77,178997.2
MCL CN Equity,MCLAREN RESOURCES INC,Canadian Sec,6.75,53943.4
ETF CN Equity,EASTFIELD RESOURCES LTD,Venture,6.69,235456.1
VGD CN Equity,VISIBLE GOLD MINES INC,Venture,6.69,69646.16
TRU CN Equity,TRU PRECIOUS METALS CORP,Venture,6.58,263425.0
MEX CN Equity,MEXICAN GOLD MINING CORP,Venture,6.55,82377.63
LPK CN Equity,LUPAKA GOLD CORP,Venture,6.52,9182.13
CRC CN Equity,CANTER RESOURCES CORP,Canadian Sec,6.44,13808.23
GNG CN Equity,GOLDEN GOLIATH RESOURCES LTD,Venture,6.42,46222.73
MAGE US Equity,MAGELLAN COPPER AND GOLD COR,OTC US,6.41,6127.87
MTH CN Equity,MAMMOTH RESOURCES CORP,Venture,6.39,94179.53
ANTL CN Equity,ANTLER GOLD INC,Venture,6.36,19010.43
EMR CN Equity,EMERGENT METALS CORP,Venture,6.28,569290.4
SUI CN Equity,SUPERIOR MINING INTERNATIONA,Venture,6.27,26692.17
LUX CN Equity,NEWLOX GOLD VENTURES CORP,Canadian Sec,6.25,450167.1
ADZ CN Equity,ADAMERA MINERALS CORP,Venture,6.24,146542.1
SPX CN Equity,STELLAR AFRICAGOLD INC,Venture,6.17,113457.2
QCX CN Equity,QCX GOLD CORP,Venture,6.16,3307.03
NATN CN Equity,NATION GOLD CORP,Canadian Sec,6.08,61879.9
USHA CN Equity,USHA RESOURCES LTD,Venture,5.98,162668.9
ASHL CN Equity,ASHLEY GOLD CORP,Canadian Sec,5.96,159924.7
ORNG CN Equity,OREGEN ENERGY CORP,Canadian Sec,5.91,50693.5
CTG CN Equity,CENTENARIO GOLD CORP,Venture,5.84,21285.37
GGC CN Equity,GENERIC GOLD CORP,Canadian Sec,5.58,76802.7
ZFR CN Equity,ZEPHYR MINERALS LTD,Venture,5.53,47567.13
SKYG CN Equity,SKY GOLD CORP,Venture,5.52,134634.6
MDM CN Equity,MADORO METALS CORP,Venture,5.46,152217.5
APX CN Equity,APEX RESOURCES INC,Venture,5.41,58584.77
WIN CN Equity,WINDFALL GEOTEK INC,Canadian Sec,5.36,382074.4
MLKM CN Equity,MAYO LAKE MINERALS INC,Canadian Sec,5.19,49439.23
STRM CN Equity,STORM EXPLORATION INC,Venture,5.17,36142.9
MKR CN Equity,MELKIOR RESOURCES INC,Venture,5.13,48245.2
NXS CN Equity,NEXUS GOLD CORP- A,Venture,5.08,77875.9
SMP CN Equity,SOUTHERN EMPIRE RESOURCES CO,Venture,5.06,67135.3
SPD CN Equity,SILVER PREDATOR CORP,Venture,4.95,30537.5
TGMR US Equity,TROY GOLD & MINERAL CORP,OTC US,4.92,110.67
ABM CN Equity,ABEN GOLD CORP,Venture,4.88,174550.4
GCN CN Equity,GOLDCLIFF RESOURCES CORP,Venture,4.85,147514.5
PGOL US Equity,PATRIOT GOLD CORP,OTC US,4.83,59578.96
KIB CN Equity,KIBOKO GOLD INC,Venture,4.81,19096.17
AMZ CN Equity,AZUCAR MINERALS LTD,Venture,4.8,78214.34
NL CN Equity,NORTHERN LION GOLD CORP,Venture,4.76,953.2
HAY CN Equity,HAYASA METALS INC,Venture,4.7,108257.2
STK CN Equity,SILVERSTOCK METALS INC,Canadian Sec,4.7,9516.5
CZ-H CN Equity,CASSIUS VENTURES LTD,Venture,4.55,2856.03
LORD CN Equity,ST JAMES GOLD CORP,Venture,4.54,10210.4
MSC CN Equity,MILLENNIUM SILVER CORP,Venture,4.43,1962586.0
WKG CN Equity,WESTKAM GOLD CORP,Venture,4.38,80490.93
KGC CN Equity,KESTREL GOLD INC,Venture,4.35,178645.2
AWM CN Equity,ANGEL WING METALS INC,Venture,4.32,138692.8
ELEM CN Equity,ELEMENT79 GOLD CORP,Canadian Sec,4.15,317439.7
SYG CN Equity,SYLLA GOLD CORP,Venture,4.13,277690.6
MMM CN Equity,MINCO CAPITAL CORP,Venture,4.1,72376.73
TNO-H CN Equity,TERRENO RESOURCES CORP,Venture,4.08,105066.3
CRB CN Equity,CARIBOO ROSE RESOURCES LTD,Venture,4.07,187494.1
IMR CN Equity,IMETAL RESOURCES INC,Venture,4.04,495211.4
AUMN US Equity,GOLDEN MINERALS CO,OTC US,4.03,86977.07
OPHR CN Equity,OPHIR METALS CORP,Venture,4.0,146687.3
NGRC US Equity,NATIONAL GRAPHITE CORP,OTC US,3.93,4782.53
AA CN Equity,AVVENTURA RESOURCES LTD,Canadian Sec,3.92,34277.6
RNCH CN Equity,RANCHERO GOLD CORP,Venture,3.88,2980.07
AUEX CN Equity,ADVANCED GOLD EXPLORATION IN,Canadian Sec,3.83,37190.87
PHD CN Equity,PROVIDENCE GOLD MINES INC,Venture,3.82,63996.3
DOS CN Equity,DIOS EXPLORATION INC,Venture,3.8,414919.2
LINE CN Equity,LINEAR MINERALS CORP,Canadian Sec,3.76,134483.4
KGL-H CN Equity,KGL RESOURCES LTD,Venture,3.75,6143.7
OPW CN Equity,OPAWICA EXPLORATIONS INC,Venture,3.74,122555.0
STNG CN Equity,STINGER RESOURCES INC,Canadian Sec,3.7,50784.87
GNT-H CN Equity,GENTOR RESOURCES INC,Venture,3.7,1003.93
GSRI CN Equity,GOLDEN SHIELD RESOURCES INC,Canadian Sec,3.67,16261.63
CUEX CN Equity,COPPEREX RESOURCES CORP,Venture,3.66,74366.84
GRI CN Equity,GALORE RESOURCES INC,Venture,3.55,17251.33
EAU CN Equity,ENGINEER GOLD MINES LTD,Venture,3.52,51599.73
GLDN CN Equity,GOLDEN RIDGE RESOURCES LTD,Venture,3.51,174815.1
KVM CN Equity,KINGSVIEW MINERALS LTD,Canadian Sec,3.35,16825.63
FEX CN Equity,FJORDLAND EXPLORATION INC,Venture,3.32,137931.0
PPM CN Equity,PACIFIC IMPERIAL MINES INC,Venture,3.31,594788.8
EOM CN Equity,ECO ORO MINERALS CORP,Canadian Sec,3.2,73404.4
KENY CN Equity,MAKENITA RESOURCES INC,Canadian Sec,3.16,101869.7
BMV CN Equity,BATHURST METALS CORP,Venture,3.11,141200.0
EGM CN Equity,ENGOLD MINES LTD,Venture,3.1,19690.2
PGX CN Equity,PROSPER GOLD CORP,Venture,3.1,303061.0
GGX CN Equity,GGX GOLD CORP,Venture,3.07,47442.8
IMM CN Equity,INTERNATIONAL METALS MINING,Venture,3.04,5552.6
NT CN Equity,NEWTERRA RESOURCES INC,Canadian Sec,3.02,12132.0
FLOD US Equity,FLOWERY GOLD MINES CO/NEV,OTC US,2.86,283.33
GLDR CN Equity,GOLDEN RAPTURE MINING CORP,Canadian Sec,2.86,142021.1
VYC-H CN Equity,VANITY CAPITAL INC,Venture,2.85,1421.67
NSJ CN Equity,NSJ GOLD CORP,Canadian Sec,2.79,8168.13
WLR CN Equity,WALKER LANE RESOURCES LTD,Venture,2.74,100958.2
GSS CN Equity,GOSSAN RESOURCES,Venture,2.7,77356.9
BG CN Equity,BIG GOLD INC,Canadian Sec,2.69,710921.9
ALM CN Equity,ALLIANCE MINING CORP,Venture,2.66,5165.73
GST CN Equity,GOLD STRATEGY INC,Venture,2.65,831.63
CBA CN Equity,CHAMPION BEAR RESOURCES LTD,Venture,2.63,100577.1
BMXI US Equity,BROOKMOUNT EXPLORATIONS INC,OTC US,2.62,3532857.25
RMO CN Equity,RAINY MOUNTAIN ROYALTY CORP,Venture,2.6,6722.63
PRS-H CN Equity,PRISM RESOURCES INC,Venture,2.6,7692.37
GOR CN Equity,GOLDREA RESOURCES CORP,Canadian Sec,2.57,94658.5
MMN CN Equity,MONARCA MINERALS INC,Venture,2.53,695891.2
BRON CN Equity,BRONCO RESOURCES CORP,Venture,2.52,85025.0
NVR CN Equity,NORTH VALLEY RESOURCES LTD,Canadian Sec,2.52,9196.33
ZLTO CN Equity,BULGOLD INC,Venture,2.46,72538.87
AGH-H CN Equity,CANADIAN SILVER HUNTER,Venture,2.42,69983.5
WNFT US Equity,WORLDWIDE NFT INC,OTC US,2.41,83941.5
PEGA CN Equity,PEGASUS RESOURCES INC,Venture,2.39,182006.6
MSCH US Equity,MAINSTREETCHAMBER HOLDINGS I,OTC US,2.37,190.07
FWM CN Equity,FLOW METALS CORP,Canadian Sec,2.35,9816.3
JDN CN Equity,JAYDEN RESOURCES INC,Venture,2.34,12727.8
AIS CN Equity,A.I.S. RESOURCES LTD,Venture,2.24,112005.6
DG CN Equity,DIXIE GOLD INC,Venture,2.22,43601.73
IN CN Equity,INFIELD MINERALS CORP,Venture,2.19,42112.96
GRHK CN Equity,GREENHAWK RESOURCES INC,Canadian Sec,2.15,277277.6
ADP CN Equity,ADELPHI METALS INC,Canadian Sec,2.13,1798.27
PBM CN Equity,PACIFIC BAY MINERALS LTD,Venture,2.12,60456.63
BIRD CN Equity,THUNDERBIRD MINERALS CORP,Venture,2.06,29873.3
NEWD CN Equity,NEWFOUNDLAND DISCOVERY CORP,Canadian Sec,2.05,65297.2
GGLD CN Equity,GENERAL COPPER GOLD CORP,Canadian Sec,2.02,119330.1
NVT CN Equity,NORTEC MINERALS CORP,Venture,2.01,59398.83
CMP CN Equity,CMP MINING INC,Canadian Sec,1.95,15121.57
SAF-H CN Equity,SEASIF EXPLORATION INC,Venture,1.94,137244.7
STW CN Equity,STOCKWORKS GOLD INC,Venture,1.93,14014.97
AMNP US Equity,AMERICAN SIERRA GOLD CORP,OTC US,1.9,26219.67
AML CN Equity,AKWAABA MINING LTD,Venture,1.9,4139.47
RNGC US Equity,RANGER GOLD CORP,OTC US,1.85,4020.67
BURY CN Equity,BURRELL RESOURCES INC,Canadian Sec,1.83,1533.33
TGII CN Equity,TROJAN GOLD INC,Canadian Sec,1.83,204746.0
PLLR CN Equity,FORTY PILLARS MINING CORP,Canadian Sec,1.81,397604.2
FG CN Equity,FALCON GOLD CORP,Venture,1.78,1045764.0
APMI CN Equity,APOGEE MINERALS LTD,Venture,1.75,15839.57
SAND CN Equity,SILVER SANDS RESOURCES CORP,Canadian Sec,1.73,81980.97
AVG CN Equity,AVIDIAN GOLD CORP,Venture,1.73,24744.47
TGLD CN Equity,TORRENT GOLD INC,Canadian Sec,1.69,655.1
BOLT CN Equity,BOLT METALS CORP,Canadian Sec,1.64,18099.2
AUR-H CN Equity,AURORA ROYALTIES INC,Venture,1.62,22671.53
MCA-H CN Equity,MILNER CONS SILVER MINES LTD,Venture,1.58,635.07
GHL CN Equity,GOLDHILLS HOLDING LTD,Venture,1.57,5208.33
HANS CN Equity,HANSTONE GOLD CORP,Venture,1.55,30512.87
ALT CN Equity,ALTURAS MINERALS CORP,Venture,1.46,65744.47
DHR CN Equity,DISCOVERY HARBOUR RESOURCES,Venture,1.45,18330.73
NUG CN Equity,NULEGACY GOLD CORP,Venture,1.32,3433.23
PATH CN Equity,NEWPATH RESOURCES INC,Canadian Sec,1.28,26972.83
INFM CN Equity,INFINICO METALS CORP,Venture,1.27,150118.3
TRS CN Equity,TRES-OR RESOURCES LTD,Venture,1.26,18961.17
GBML CN Equity,GLOBAL BATTERY METALS LTD,Venture,1.26,17860.0
GRAY CN Equity,GRAYCLIFF EXPLORATION LTD,Canadian Sec,1.23,20798.2
HRK CN Equity,HIGHROCK RESOURCES LTD,Canadian Sec,1.17,9000.87
AORO CN Equity,ALORO MINING CORP,Venture,1.15,60294.4
SA-H CN Equity,SOUTHERN ARC MINERALS INC/A,Venture,1.14,7553.13
FUTR CN Equity,GOLD'N FUTURES MINERAL CORP,Canadian Sec,1.12,309169.2
OTGO-H CN Equity,O2GOLD INC,Venture,1.1,23350.4
CSL-H CN Equity,COMSTOCK METALS LTD,Venture,1.04,5964.23
RGLD CN Equity,RED LAKE GOLD INC,Canadian Sec,1.01,260754.8
VAX CN Equity,VANTEX RESOURCES LTD,Venture,0.99,16249.37
BST CN Equity,BESSOR MINERALS INC,Venture,0.94,24997.67
BIGT CN Equity,BIG TREE CARBON INC,Venture,0.89,86177.63
MXL-H CN Equity,MX GOLD CORP,Venture,0.85,3382.27
OSCI US Equity,OSCEOLA GOLD INC,OTC US,0.85,154542.83
ACRE CN Equity,AMERICAN CRITICAL ELEMENTS I,Canadian Sec,0.84,108.33
JADE CN Equity,JADE LEADER CORP,Venture,0.75,32235.0
RTM CN Equity,RT MINERALS CORP,Venture,0.69,39323.77
HNDI US Equity,HANDENI GOLD INC,OTC US,0.64,632.43
KEON-H CN Equity,KEON CAPITAL INC,Venture,0.6,153.87
PGA CN Equity,PEGMATITE ONE LITHIUM AND GO,Canadian Sec,0.6,4293.1
HAWK CN Equity,HAWKEYE GOLD & DIAMOND INC,Venture,0.59,106700.8
ETI CN Equity,ENVIROMETAL TECHNOLOGIES INC,Canadian Sec,0.57,115224.9
DTII US Equity,DEFENSE TECHNOLOGIES INTERNA,OTC US,0.56,11387.77
TRII US Equity,TRIO RESOURCES INC,OTC US,0.49,28703.33
GYGC US Equity,GUYANA GOLD CORP,OTC US,0.46,50424.2
KLM CN Equity,KERMODE RESOURCES LTD,Venture,0.46,372616.9
GRMC US Equity,GOLDRICH MINING CO,OTC US,,20.0
RRM-H CN Equity,ROSS RIVER MINERALS INC,Venture,0.39,2144.2
UARI US Equity,URANIUM AMERICAN RESOURCES I,OTC US,0.37,352272.38
JSHG US Equity,JOSHUA GOLD RESOURCES INC,OTC US,0.26,210349.86
RMRK US Equity,RIMROCK GOLD CORP,OTC US,0.23,8953469.0
ECPN US Equity,EL CAPITAN PRECIOUS METALS,OTC US,0.22,3856.73
NWPG US Equity,NEWPORT GOLD INC,OTC US,0.19,1963152.63
RNGG US Equity,RENO GOLD CORP,OTC US,0.17,1548.8
CMHZ US Equity,BANNY COSMIC INTERNATIONAL H,OTC US,0.17,33.33
STAL US Equity,STAR ALLIANCE INTERNATIONAL,OTC US,0.1,170301.23
AAGC US Equity,ALL AMERICAN GOLD CORP,OTC US,0.08,4279902.5
OATN US Equity,OAT INC,OTC US,0.07,1847.0
SSOK US Equity,SUNSTOCK INC,OTC US,0.07,127.27
RVBR US Equity,MARKRAY CORP,OTC US,0.07,31645.9
NRPI US Equity,NRP STONE INC,OTC US,0.06,16421.27
GSDC US Equity,GOLDSANDS DEVELOPMENT CO,OTC US,0.06,1870.0
USCS US Equity,USCORP,OTC US,0.05,4236.67
ARAO US Equity,AURASOURCE INC,OTC US,,0.0
PRMO US Equity,PROM RESOURCES INC,OTC US,0.02,238.57
RREE US Equity,RESOURCETEC CORPORATION,OTC US,0.02,831.27
SSTT US Equity,SSTARTRADE TECH INC,OTC US,0.02,6.4
AFYG US Equity,AFFINITY GOLD CORP,OTC US,0.01,341.67
GKIN US Equity,GUSKIN GOLD CORP,OTC US,0.01,39.57
OTMN US Equity,O T MINING CORP,OTC US,0.0,1456.17
LKAI US Equity,LKA GOLD INC,OTC US,,0.0
HXPN US Equity,HARRIS EXPLORATION INC,OTC US,0.0,43.33
TMBXF US Equity,TOMBSTONE EXPLORATION CORP,OTC US,,0.0
EGDD US Equity,EASTERN GOLDFIELDS INC,OTC US,,0.0
PMMEF US Equity,PREMIUM EXPLORATION INC,OTC US,,0.0
ONSS US Equity,ONASSIS HOLDINGS CORP,OTC US,0.0,33.33
PGVI US Equity,PROMITHIAN GLOBAL VENTURES I,OTC US,0.0,20.0
GBGD US Equity,GLOBAL GOLD CORP,OTC US,0.0,8.7
QMEI US Equity,QUANTUM METAL EXCHANGE INC,OTC US,,0.0
AGCZ US Equity,ANDES GOLD CORP,OTC US,0.0,8144.93
NWGC US Equity,NEW WORLD GOLD CORP,OTC US,,3774.4
AIVN US Equity,AMERICAN INTERNATIONAL VENT,OTC US,,2381.3
BDGC-H CN Equity,BOUNDARY GOLD & COPPER MININ,Venture,,
SDRC US Equity,SIDNEY RESOURCES CORP,OTC US,,237999.47
BRYN US Equity,BRYN RESOURCES INC,OTC US,,34.13
HGLC US Equity,HUNT GOLD CORP,OTC US,,57776.33
MLCL CN Equity,MOLECULE HOLDINGS INC,Canadian Sec,,
PSGR US Equity,PERSHING RESOURCES CO INC,OTC US,,113176.34
MAOMF US Equity,MAUDORE MINERALS LTD,OTC US,,0.0
TODM US Equity,TONOPAH DIVIDE MINING,OTC US,,
WRI CN Equity,WASECO RESOURCES INC,Venture,,
LNXGF US Equity,0187279 BC LTD,OTC US,,366.67
NHLI US Equity,NOUVEAU HOLDINGS INC,OTC US,,0.0
CSQ CN Equity,CANAMEX GOLD CORP,Canadian Sec,,
EDGM CN Equity,EDGEMONT GOLD CORP,Canadian Sec,,
FENX CN Equity,FENIXORO GOLD CORP,Canadian Sec,,
QIT-H CN Equity,QUINTO RESOURCES INC,Venture,,
AVM-X CN Equity,AVARONE METALS INC,Canadian Sec,,0.0
ESGI US Equity,ENSURGE INC,OTC US,,0.0
XMTTF US Equity,XMET INC,OTC US,,1765.0
NZN-H CN Equity,NEVADA ZINC CORP,Venture,,
IPMG US Equity,INTERNATIONAL PRECIOUS MINER,OTC US,,0.0
BNXR US Equity,BRINX RESOURCES LTD,OTC US,,0.0
NUSMF US Equity,NAUTILUS MINERALS INC,OTC US,,11462.5
HTRC US Equity,HUNTER CREEK MINING CO,OTC US,,
VINS US Equity,VINDICATOR SILVER LEAD MNG,OTC US,,5725.5
FCO-H CN Equity,FABLED SILVER GOLD CORP-A,Venture,,
SML CN Equity,SOUTHSTONE MINERALS LTD,Venture,,
GETT-H CN Equity,G.E.T.T. GOLD INC,Venture,,
AUN-H CN Equity,AURCANA SILVER CORP,Venture,,
XIA-H CN Equity,XIANA MINING INC,Venture,,
STLM US Equity,ST ELMO SILVER MINES CORP,OTC US,,
WOLV US Equity,WOLVERINE RESOURCES CORP,OTC US,,0.0
GYA CN Equity,GUYANA GOLDSTRIKE INC,Venture,,
DSCR US Equity,DISCOVERY MINERALS LTD,OTC US,,185229.27
MTN-H CN Equity,MARTINA MINERALS CORP,Venture,,
SGMNF US Equity,SUTTER GOLD MINING INC,OTC US,,
RVR CN Equity,RIFT VALLEY RESOURCES CORP,Canadian Sec,,
TYHJF US Equity,TYHEE GOLD CORP,OTC US,,0.0
AUAG CN Equity,AUXICO RESOURCES CANADA INC,Canadian Sec,,
GDPEF US Equity,RESOURCE CAPITAL GOLD CORP,OTC US,,
ZNXT US Equity,ZNEXT MINING CORP,OTC US,,
GRCM CN Equity,GEOLOGICA RESOURCE CORP,Canadian Sec,,
PRCK US Equity,PLACER CREEK MINING CO,OTC US,,
MM CN Equity,MAXIMUS METALS INC,Canadian Sec,,
SNLM US Equity,HOMESTEAD GOLD AND SILVER LT,OTC US,,
AZGFF US Equity,AZTECA GOLD CORP,OTC US,,0.0
ATOR US Equity,ASTOR EXPLORATIONS CORP,OTC US,,
IGRU US Equity,INTERNATIONAL GOLD RESOURCES,OTC US,,0.0
SGRCF US Equity,SAN GOLD CORP,OTC US,,13208.33
NXGM US Equity,NEXGEN MINING INC,OTC US,,777.77
EMLL US Equity,EL MANIEL INTERNATIONAL INC,OTC US,,0.0
EPTI US Equity,ENVIRONMENTAL PACKAGING TECH,OTC US,,5.0
SBR CN Equity,SILVER BEAR RESOURCES PLC,Toronto,,
AUL-H CN Equity,AURELIUS MINERALS INC,Venture,,
MTK-H CN Equity,MONTAUK METALS INC,Venture,,
FGC-H CN Equity,FRONTLINE GOLD CORP,Venture,,
PTTN US Equity,PATTEN ENERGY SOLUTIONS GROU,OTC US,,1094165.38
CCR CN Equity,GREEN RIVER GOLD CORP,Canadian Sec,,
WGEE US Equity,WGE HOLDINGS CORP,OTC US,,0.0
ITG-H CN Equity,INTACT GOLD CORP,Venture,,
COLUF US Equity,COLOSSUS MINERALS INC,OTC US,,
NGUGF US Equity,NEW GUINEA GOLD CORP,OTC US,,0.0
MIRL CN Equity,MINERA IRL LTD,Canadian Sec,,
AWR CN Equity,AURWEST RESOURCES CORP,Canadian Sec,,
GMI-H CN Equity,GREEN MINING INNOVATION INC,Venture,,
NMG-H CN Equity,NOBLE METAL GROUP,Venture,,
AOVTF US Equity,ANDOVER MINING CORP,OTC US,,16.67
LAB CN Equity,LABRADOR GOLD CORP,Venture,,0.0
MGI CN Equity,MAGNUM GOLDCORP INC,Venture,,
IMC CN Equity,IBERO MINING CORP,Venture,,
WMTN US Equity,WESTMOUNTAIN GOLD INC,OTC US,,0.0
ONV-H CN Equity,ORONOVA ENERGY INC,Venture,,0.0
BKSLF US Equity,BANKS ISLAND GOLD LTD,OTC US,,63.33
TRA-H CN Equity,TERAS RESOURCES INC,Venture,,
GAND CN Equity,GANDER GOLD CORP,Canadian Sec,,0.0
SASY CN Equity,SASSY GOLD CORP,Canadian Sec,,0.0
SMR-H CN Equity,SHINE MINERALS CORP,Venture,,0.0
CMCG CN Equity,CHILEAN METALS INC,Venture,,
SCMIF US Equity,SAN CRISTOBAL MINING INC,OTC US,,
TTXP US Equity,TRILLIANT EXPLORATION CORP,OTC US,,
ALAR CN Equity,ALAROS EXPLORATION INC,Canadian Sec,,
ASI-H CN Equity,ASHANTI SANKOFA INC,Venture,,
TVR-H CN Equity,TRI-RIVER VENTURES INC,Venture,,
LRC-H CN Equity,LOVITT RESOURCES INC,Venture,,
GDX CN Equity,GOLDEX RESOURCES CORP,Venture,,
JML-H CN Equity,J.A.G. MINES LTD,Venture,,
MLY CN Equity,MULTI METAL DEVELOPMENT LTD,Venture,,
BAL-H CN Equity,BALTO RESOURCES LTD,Venture,,
